ticker,shortName,revenue,revenueGrowth,earningGrowth,grossMargin,operatingMargin,netMargin,eps,debt,cash,asset,equity,returnOnAsset,returnOnEquity,debtEquityRatio,freeCashFlow,operatingCashFlow,marketCap,dividendYield
TCEHY,TENCENT HOLDINGS LIMITED UNSP A,76279504814.30537,-0.0099371918060122,-0.1627020487318856,0.430520492217141,0.2054631486316882,0.339450583534096,2.6603851444291613,49400412654.74553,39818156808.80331,217074415405.7772,99228473177.44154,0.1192822395605941,0.260944480870984,0.4978451353011058,13100550206.327374,20095048143.05365,386215641088.0,0.0046128843539691
600519.SS,KWEICHOW MOUTAI,17545248879.77579,0.1652564748007887,0.1955065027304776,0.9200401460223064,0.6776610440214011,0.4916855898078763,6.867950481430537,61045267.960110046,8015724722.590097,34988281292.331505,27167355212.654747,0.2465610120057339,0.3175408859733296,0.002247008127301,4318026054.125173,5047949907.844567,314481969087.2077,0.0239477611452678
BABA,Alibaba Group Holding Limited,119489270976.61624,0.0183163709085623,0.1692236019855739,0.3672116654214924,0.1186445750886107,0.083785068730164,3.774415405777167,22194497936.726276,72141678129.2985,241133975240.71527,136128885832.18707,0.041518068000575,0.07354366209707,0.1630403260927776,27476203576.34113,27476203576.34113,224449036288.0,0.0
1398.HK,ICBC,125661898211.82944,-0.0280148910567479,0.0348655616097008,,,0.3945906243911196,0.1334250343878954,196233287482.8061,,5448370976616.231,462249931224.2091,0.0091008866852848,0.10726882478113,0.4245177213182219,191326547455.29572,193212792297.11145,210253917637.8033,0.094922234451558
601857.SS,PETROCHINA CO,445552544704.2641,0.2389956352422726,0.620700878810893,0.2432881663711688,0.0668875670812897,0.0461167948426246,0.1127922971114167,63893672627.235214,32090921595.59835,367742090784.04407,188353094910.5915,0.0558746355412504,0.109090085859696,0.3392228445068271,54163411279.22971,54163411279.22971,198381618707.01517,0.0379175543263714
0941.HK,CHINA MOBILE,128921458046.76756,0.1049220873837912,0.0801649619451045,0.277827153433576,0.1514042543203106,0.13385734359446,0.8088033012379643,15496561210.45392,45637689133.42503,261380742778.542,173596698762.03577,0.0660227824093613,0.0994090557569918,0.0892676031339537,12539477303.988997,38617606602.47593,188552512408.6845,0.0634195167340831
601288.SS,AGRICULTURAL BANK OF CHINA,99706740027.51031,0.0074523353523112,0.0744538379570698,,,0.3574995723359288,0.0949105914718019,303047180192.5722,,4666785832187.07,356040165061.89825,0.0076380442987116,0.1001154375733075,0.8511600935245239,178804814305.36453,181843603851.4443,163302875237.41403,0.1311981455118116
601939.SS,CHINA CONSTRUCTION BANK,112968225584.59422,-0.0016580703901936,0.0705688681147587,,,0.3943373689087386,0.1760660247592847,274910316368.63824,,4759548418156.81,384698211829.436,0.0093596259421118,0.1157988040429697,0.7146129301233286,131316093535.07568,134583081155.43327,143408516472.07703,0.1133956239969596
601988.SS,BANK OF CHINA LTD,84919394773.0399,0.0219887730287826,0.0502403502047941,,,0.3684034054463817,0.1004126547455295,259834525447.04263,,3977146767537.827,317474415405.7772,0.0078660899512645,0.0985420956924904,0.8184424093353708,-5374828060.5226965,-1559422283.3562586,136088415709.49107,0.0282777970862847
PDD,PDD Holdings Inc.,17958402888.58322,0.3896505989216234,3.0596475329754,0.7590159389355757,0.2328621509700213,0.2415643720258957,3.0151306740027515,2329343053.6451173,20555535900.962864,32616224621.73315,16199575103.163689,0.1330046737990033,0.2677916111220367,0.1437903796125004,6672332874.828061,6672332874.828061,132141555712.00002,0.0
300750.SZ,CONTEMPORARY AMPER,45198622764.7868,1.520747036761612,0.9288525715753876,0.2025124647175718,0.1067752784125424,0.093517120425096,0.9842198074277856,13823552145.804678,26550857991.746902,82661946616.2311,22624656341.12793,0.0511341097224184,0.1868247183255261,0.6109950108137431,1787286822.5584595,8419373218.707016,128487123138.37688,0.0038020170574725
601318.SS,PING AN INSURANCE(GROUP)CO.OF C,135590646492.43468,-0.0678984445179896,-0.1755988112342301,,,0.0849855540586602,0.6506189821182945,203300687757.90924,102684456671.25172,1531935075653.37,118112104539.2022,0.0075220199605501,0.0975619413631467,1.7212519288438584,65616781292.98487,66837001375.51582,118214206397.7992,0.0829852990127351
601628.SS,CHINA LIFE INSURANCE CO,110644841815.6809,-0.0249015067945158,-0.3699652402741501,,,0.0398837376987225,0.1568088033012379,6786795048.143054,256630261348.00552,722419257221.4581,59995735900.96287,0.006108544040847,0.0735540581746983,0.1131212901421238,47990646492.43467,48413755158.18432,114074593857.49657,0.0221530279106668
3968.HK,CM BANK,47078129298.48694,0.0459472592085519,0.1508480512333017,,,0.403239661308136,0.7235213204951857,59104676753.78267,,1394623383768.913,126277166437.41405,0.013612111437598,0.1503341375873469,0.4680551395099315,73624621733.14993,78424071526.82256,111086901423.24393,0.0699639375057732
3690.HK,MEITUAN-W,30255151031.636864,0.2279205466692067,-0.7159485791268805,0.2807528521704363,-0.0294196700680723,-0.0303976339736626,-0.1499312242090784,7990044704.264099,15410161760.660248,33628774690.50894,17711363136.176067,-0.0273481569085281,-0.0519262690176054,0.4511253392995008,781312792.2971115,1569662723.5213206,97658005872.79694,0.0
002594.SZ,BYD COMPANY LTD,58330211141.67813,0.9619502920748148,4.458595003001457,0.170364681456462,0.0541820676187026,0.0391982811609004,0.7854195323246218,3002585419.532325,9917220495.185696,67931313067.40028,15272255708.390648,0.0336581749014275,0.1497122664892264,0.1966039252395892,5967096973.8652,19372442503.43879,97386748408.2531,0.0021940457003503
600028.SS,CHINA PETROLEUM & CHEMICAL CORP,456419257221.45807,0.2106196395031676,-0.0808891976380687,0.1577695885199302,0.0290265592338905,0.0199366035716093,0.0756533700137551,49064786795.04815,20434800550.20633,268038514442.9161,107937551581.8432,0.033948292142212,0.0843029108991138,0.4545664236032348,-5154745529.57359,15992984869.325998,92081983313.34251,0.0850014017941876
0883.HK,CNOOC,59453232462.17332,0.7379232977619803,1.0150739476678043,0.6426768465498294,0.4488194805945977,0.3278385100352825,0.4167812929848693,18486382393.39753,28830261348.005505,127789683631.36176,82143328748.28061,0.1525245120991656,0.2372810968850367,0.2250503196680409,15243466299.86245,28277028885.832188,86192210652.3627,0.1234852455843199
000858.SZ,WULIANGYE YIBIN CO,10174503535.700138,0.1171982783184009,0.1417451556994369,0.7542414530469498,0.474252308961342,0.3608375271357636,0.9458046767537828,54010831.98074278,12704047727.068775,21006152390.676758,15684327206.075657,0.1747746387522918,0.234077155329554,0.0034436180316246,3115626047.8624487,3360541438.9931226,86495296228.88583,0.0186604846541507
601088.SS,CHINA SHENHUA ENERGY COMPANY LT,47391059147.1802,0.0277940193785499,0.3850683323718396,0.3903080401587075,0.2932752450418392,0.2020880438158318,0.4814305364511692,7831774415.405778,23452957359.00963,85515955983.49382,54175240715.26823,0.1119927424919696,0.1767812438111584,0.1445637215821091,11148555708.390648,15094085281.980743,81084970396.69876,0.0905718590049435
600900.SS,CHINA YANGTZE POWER CO,7161001727.352132,-0.0644386850282224,-0.1889378755792888,0.572941174643077,0.521387039654843,0.4093130323419734,0.1288858321870701,15379283138.7304,1279529780.821183,45016270295.368645,25514202285.66988,0.0651118209571033,0.1148807749821308,0.6027734266012391,3582125839.9546084,4252095217.348006,75356668760.38515,0.0407404248544392
0728.HK,CHINA TELECOM,66223933975.24072,0.0953152300524169,0.0633960228148604,0.5841025406689819,0.0694301357571326,0.0573125238862764,0.0412654745529573,10643741403.026134,10495185694.635489,111100137551.58183,59434525447.04264,0.0341625211403272,0.0638595289396397,0.1790834758579829,6178817056.396149,18766437414.030266,73103415973.4355,0.0499320897493926
NTES,"NetEase, Inc.",13273151169.188446,0.1014745606654958,0.2064893293773531,0.5468229817110503,0.2034139430863779,0.2107614849884309,4.243466299862449,3786886932.599725,16156719669.876204,23763546767.537827,14405958321.870705,0.1177210236443141,0.1941883343260163,0.262869491080686,3447833425.034388,3811448830.8115535,66313297920.0,0.0139466903418466
601658.SS,POSTAL SAVINGS BANK OF CHINA CO,32280055020.63274,0.0842593063172534,0.1188656951555731,,,0.3631560108404779,0.1169188445667125,15373039889.958736,,1934976891334.2505,113373452544.70428,0.0060583131837408,0.103398950529285,0.1355964694106585,63619257221.45805,65325171939.47731,63895035351.85695,0.0701007853723593
9633.HK,NONGFU SPRING,4572102751.031637,0.1192999920596451,0.186190219936513,0.5744848994050306,0.2997243885658214,0.255579355776662,0.1045392022008253,347310866.57496566,2092318569.463549,5399565474.552958,3312802751.031637,0.2164127986150803,0.3527330672764859,0.1048389815743813,1057698486.9325998,1656328748.2806053,63701435602.55428,0.0109242386305569
000333.SZ,MIDEA GROUP CO LTD,47552779367.262726,0.006837940816341,0.034292328771438,0.2461982053758287,0.0940844139458842,0.0854867305540173,0.595598349381018,9321478679.504814,8054290508.940853,58123145392.02201,19660967812.92985,0.0699399801825213,0.2067615224002568,0.4741108763412263,3755944016.50619,4767239064.649243,54116554828.06053,0.0342142478829413
601328.SS,BANK OF COMMUNICATIONS CO LTD,37406740027.51032,0.0122385626388843,0.0521574314063553,,,0.3388491139817685,0.1568088033012379,131426272352.13206,,1787127785419.5325,140771526822.55847,0.0070925206460783,0.090041224964799,0.9336140291906756,46295185694.63549,50649381017.88171,51097526756.53371,0.1317409528625214
JD,"JD.com, Inc.",143911416781.293,0.0994584135673737,-3.9183431407417895,0.1405734461440822,0.0175333290003402,0.0099289261696213,0.8830811554332876,8947042640.990372,30255295735.900963,81877579092.15956,29348830811.554333,0.0174514909701805,0.0486862949110917,0.3048517570746979,4929711141.678129,7953094910.591473,50096222208.0,0.035933598827226
601138.SS,FOXCONN INDUSTRIAL INTERNET CO ,70405719257.22147,0.1644663875880816,0.0031645071445416,0.072622499900503,0.0431540982082159,0.0392167402759551,0.140302613480055,8296886795.048143,9550183906.464926,39090462448.41816,17740741678.1293,0.0706331578884659,0.1556351395080691,0.4676741787676501,1000321458.0467676,2113566299.8624485,50497678543.05364,0.0302075934283373
BIDU,"Baidu, Inc.",17011691884.456673,-0.0065706505586659,-0.2608057891648738,0.4830402263998383,0.1286517081059227,0.0611198706286638,2.7290233837689133,12565887207.702888,23933287482.806053,53778954607.978,30739752407.152683,0.0193338158900998,0.0338243585498348,0.4087829674509348,3599724896.8363137,3599724896.8363137,47938838528.0,0.0
601899.SS,ZIJIN MINING GROUP CO.LTD,37184181356.12105,0.2009151926746282,0.2787731424585971,0.1573812507149603,0.1133629361766302,0.0741394600329558,0.1045392022008253,16943550472.764788,3485219448.5557084,42096855497.93673,12234220151.031635,0.0654874359355756,0.2253364001528001,1.384930977503788,534270933.562586,3944773364.511692,46111548777.99175,0.025669186330096
300760.SZ,SHENZHEN MINDRAY B,4176842339.889959,0.2016678879520621,0.2006635919799397,0.6415261429742257,0.3513069381106164,0.3163830200273833,1.0917331499312242,32534317.60660248,3189224663.686383,6429881266.712518,4399013084.319119,0.2055219900426368,0.3004041971103086,0.0073958219680172,1406550140.3026135,1670034095.735901,46059381400.82531,0.01264104236833
601166.SS,INDUSTRIAL BANK CO LTD,30560522696.011005,0.0051666493238566,0.1051886792452829,,,0.4112838978282885,0.53232462173315,198703026134.80057,,1274645254470.4265,94958046767.53784,0.0098608227269534,0.1323642526562805,2.0925348919743025,-48212242090.78405,-47398486932.59973,46006357638.51444,0.1514442923269016
000568.SZ,LUZHOU LAO JIAO CO,3455785869.548831,0.2170935339880624,0.3029115035265848,0.8658817478400337,0.5353209245036673,0.4125761608628546,0.9711141678129298,864742229.4566712,2590233148.778542,7068154244.088033,4705346785.423659,0.2017181314365217,0.3030116443785524,0.1837786392568325,994151708.1994498,1136540339.7138927,45931351821.733154,0.0147164859857703
600030.SS,CITIC SECURITIES CO LTD,8863153400.676754,-0.1476341128158185,-0.0771528824031885,,,0.3308354287884157,0.1953232462173315,24887114594.050896,,179957260207.1417,34816793266.58872,0.0162941197946401,0.0842192769816131,0.7148020325563222,10621553083.422283,10800923160.444292,42273253097.11142,0.0490250879399635
002415.SZ,HANGZHOU HIKVISION,11439659103.320496,0.0214476417781737,-0.2358911911988157,0.4228883339299551,0.178445109817397,0.1543574586632365,0.1884456671251719,1652110111.6616232,5505456869.09216,16400726652.1967,9407036389.100414,0.1076657604634732,0.1877102026742741,0.1756249304590617,881493051.1911967,1398092899.914718,41917109559.28474,0.0286522085898528
LI,Li Auto Inc.,6229273177.441541,0.6766822120240228,5.259709757197742,0.1941062935402656,-0.0807050996917071,-0.0444326887542723,-0.2861072902338377,1686984594.2228336,7772958872.077029,11903432049.51857,6170385281.980743,-0.0232523994010442,-0.044856738049548,0.273400203898013,1015167262.7235214,1015167262.7235214,41089425408.0,0.0
600309.SS,WANHUA CHEMICAL GROUP CO LTD,22773794274.23521,0.1376114268543986,-0.3414016020911201,0.1656943284276068,0.1251549543204962,0.0980495789066751,0.7111416781292985,9522530276.598349,2611945386.503439,27626299707.72352,10570087185.751032,0.0808273624162464,0.2112528401569048,0.9008942035440504,506227275.70976615,4998187746.950482,40177570473.72765,0.0344355842518118
XIACF,XIAOMI CORPORATION,38520497386.51995,-0.147011223217678,-0.8720725510476816,0.1698918287188111,0.0218612741219937,0.0088344326557579,0.0137551581843191,3621425034.387896,9322831774.415407,37621349518.569466,19760448143.05365,0.0090455750360453,0.0172216104393936,0.1832663413385656,-1401554332.874828,-603814305.3645117,39038103552.0,0.0
600276.SS,JIANGSU HENGRUI PHARMACEUTICALS,2926447136.3851447,-0.178736213544204,-0.1377225602830641,0.836117765913148,0.1572116635275184,0.1836077410837866,0.0839064649243466,187043204.4085282,2458208336.2008257,5825998504.497936,5202724655.775791,0.0922276838378791,0.1032763376236506,0.0359510096696896,-99988043.91059148,174039151.5722146,39002276516.09354,0.0035815733379785
1024.HK,KUAISHOU-W,12954954883.081156,0.1615782502726608,-0.824643356273256,0.4473352603575428,-0.1183606019809068,-0.1453638287579515,-0.4429160935350757,1779084456.6712518,4870140440.165062,12284358734.525448,5478638927.097662,-0.1532991573991139,-0.3437316947238248,0.3247311020756995,-333086107.29023385,302342228.3356259,35649746815.836525,0.0
601601.SS,CHINA PACIFIC INSURANCE (GROUP),62578679504.81431,0.03436069062419,-0.0829171946038608,,,0.0540920151138484,0.3521320495185694,1749243466.2998626,102918707015.13068,299353370013.7552,31423108665.749657,0.0113077293147678,0.1077234882641849,0.0556674224980958,19094085281.980743,20345392022.00825,34303545890.50894,0.0634957477993426
300059.SZ,EAST MONEY INFORMA,1717410789.8156807,-0.0464891782195528,-0.0050820566096944,0.9572069402927684,0.6867242521086212,0.6815433210382216,0.0745071526822558,9627573250.013756,22585646990.05915,29144529596.237965,8963502506.635489,0.0401615627184095,0.1305839823675361,1.0740860777231525,90771175.09353508,175717454.66162312,33589793945.52957,0.0070771327118383
601998.SS,CHINA CITIC BANK CORPORATION LT,28996011004.12655,0.0317249007679167,0.1161373807084704,,,0.2946048643033003,0.1458046767537827,145284594222.83356,,1175728060522.696,86721182943.60385,0.0072655966749743,0.0985037980024204,1.6753068776438902,25896423658.87208,26831636863.823936,33502992550.20633,0.1911098246534825
2020.HK,ANTA SPORTS,7379779917.469051,0.0876378527408368,-0.0168393782383419,0.6023746062515144,0.2051219921343497,0.1414698700862985,0.3796423658872077,2681568088.0330124,3892847317.7441545,9517881705.639616,4731774415.405777,0.10969000650336,0.2206395348837209,0.5667151162790698,1432049518.5694635,1670839064.6492436,32595026390.8046,0.0158335056670255
601668.SS,CHINA CONSTRUCTION ENGINEERING ,282675662998.6245,0.0865593648715439,-0.0088967284467581,0.1045568100860821,0.0554388132851543,0.0247927056174299,0.1691884456671251,96828981843.1912,46117504126.547455,364911046217.33154,52864118431.91197,0.0192054873936668,0.1325718598138221,1.83165793198472,-3042595048.143054,526674965.6121046,32405444841.81568,0.1471148156941921
2359.HK,WUXI APPTEC,5413311940.237965,0.7183702738239364,0.7291435208437973,0.3729549950117507,0.2477023272856645,0.223955349895827,0.3878954607977992,806938318.0811554,1098726464.0784044,8898256773.99725,6408521787.250344,0.1362446825780515,0.1891762577889934,0.1259164507619443,89455524.21320495,1460251707.9339757,32851926673.81865,0.0066926668624615
601319.SS,THE PEOPLE S INSURANCE COMPANY ,84544704264.09904,0.0382169370708511,0.1397373812628048,,,0.0398233112065599,0.0729023383768913,6354195323.246218,2938789546.07978,207585006877.5791,30504951856.94636,0.0162191389417702,0.1103706075185664,0.2083004540719931,9855708390.646494,9855708390.646494,31905040972.76479,0.041577989397604
002714.SZ,MUYUAN FOODS CO LT,17170042940.541956,0.5822844083978604,0.9215793300987024,0.1749564640770581,0.1421165166869776,0.1062770092991392,0.3370013755158185,8639542202.224209,2860603868.152683,26540249215.81843,9873913387.80055,0.0687552252588117,0.1848082661443188,0.8749866302147804,1000224464.3617609,3165137661.888584,30371410680.60523,0.0173631122705448
601888.SS,CHINA TOURISM GROUP DUTY FREE C,7487324812.551582,-0.1956788018180019,-0.4789188849564554,0.2838546079522328,0.1515936934316621,0.0924144413604664,0.3476891334250344,942810967.0,3698995907.657497,10441210987.755156,6681348141.06465,0.0662697976937518,0.1035624735049438,0.1411108876673153,-881791708.1526824,-469772399.0811555,31627506830.261356,0.0128003278457174
000001.SZ,PING AN BANK,24724896836.313618,0.0612796759775877,0.2526420079260238,,,0.2532183588317107,0.3026134800550207,103477166437.41405,,731982668500.6877,57046354883.08116,0.0085532049713671,0.1097493049644706,1.8139137312014888,18023246217.3315,18510591471.80193,29922989389.821182,0.0546427909347256
603288.SS,FOSHAN HAITIAN FLAVOURING AND F,3522648080.2324624,0.0242209145695999,-0.0709126131230405,0.3568118493054704,0.2539543673843557,0.2420070782026656,0.1535993122420908,37879625.14305365,3343187125.309491,4684893514.484181,3631042163.055021,0.1819690814311177,0.2347826687630698,0.0104321633960821,318076156.6836314,526865793.909216,29829904831.91197,0.014820776146075
600690.SS,HAIER SMART HOME CO LTD,33495675883.18157,0.0701251998686349,0.1258039645970412,0.3132901310486632,0.0723267814010764,0.060411105115613,0.2159559834938102,4450270968.855572,7518380820.277854,32440475216.887207,12850432966.221458,0.0623761145041435,0.1574663516798516,0.3463129203936954,1643608149.4140303,2772146600.1856947,29349520092.43467,0.0240658607028264
0981.HK,SMIC,7273284000.0,0.3362363295115,0.0682446793195217,0.3796975341537605,0.2460363159200163,0.2499478914889065,0.23,8694432000.0,12431069000.0,43807784000.0,19149976000.0,0.0414981501917558,0.0949318161025371,0.4540179058187853,-912630000.0,5347916000.0,28312581492.720303,
600000.SS,SHANGHAI PUDONG DEVELOPMENT BAN,25902063273.72765,-0.0127141082036145,-0.0345640812784182,,,0.2717409775474223,0.1980742778541953,219339477303.989,,1197338514442.9165,95993397524.07152,0.0058785814617955,0.0733243345484558,2.284943370704083,49119669876.20358,50219944979.36726,28544711870.15131,0.2718291488479924
0267.HK,CITIC,135106877579.09216,0.0853337016574584,0.0748910597818348,0.3641836357583328,0.1363065767892758,0.0768467981434027,0.3562585969738652,299608665749.6561,64778266850.06878,1622310729023.3838,101410041265.47456,0.0063998411422428,0.1023816854775375,2.954428003488636,23444704264.09904,26687620357.634117,27938576412.771397,0.0939524189612508
002352.SZ,S.F. HOLDING CO,36793729573.590096,0.2910601038878726,0.4461518569027931,0.1249317816675105,0.0471390350459437,0.0230803186838687,0.1746905089408528,8114636863.823935,6664116781.292985,29827057359.009632,11865714030.261349,0.0284711627400962,0.0715684704654763,0.6838726134077584,2547341127.9229712,4498342090.784044,28314053546.07978,0.0179174369152037
002304.SZ,JIANGSU YANGHE BRE,4140976091.70564,0.1875615210237595,0.2490981148441242,0.746036883259617,0.3908478601832308,0.3115052239649648,0.8562723521320497,3768873.1334250346,4453039828.265475,9348589702.12242,6530254054.288858,0.137981848169834,0.1975322359829388,0.0005771403535134,427575075.4580468,501736444.59284735,28153972626.134804,0.0220800739874068
002475.SZ,LUXSHARE PRECISION,29439944194.145805,0.390281386559359,0.2959590452415257,0.1219441658311961,0.0554663679014705,0.0428125664348194,0.1760660247592847,3966963927.028886,2850134242.272352,20410497809.451168,6236987251.517194,0.0617525147311992,0.2020846789998876,0.636038485739071,-117817048.47180194,1750702932.508941,28960664895.7359,0.0085338651423152
000651.SZ,GREE ELEC APPLICAN,26155525796.716644,0.0026186578234228,0.0625610541489338,0.2644415721296966,0.140501546787854,0.128880026848342,0.609353507565337,11565649471.43879,22194158956.658875,48834217177.27924,13309317041.574966,0.0690279288122122,0.2532755705182632,0.8689889522738548,3113108611.4883084,3943388709.940853,27862700262.998627,0.0909357076732898
601012.SS,LONGI GREEN ENERGY TECHNOLOGY C,17743894298.649242,0.5939024272807956,0.6301751686233021,0.1537543249908031,0.0941344967852664,0.1148201056570003,0.2682255845942228,1811868020.2407155,7478961433.193948,19196092578.660248,8548388766.763412,0.1061338816631058,0.2383321434863724,0.2119543307722917,2663329622.19945,3352150676.69326,27520378330.674004,0.0077891581350412
601633.SS,GREAT WALL MOTOR COMPANY LIMITE,18891332212.896835,0.0068569660908501,0.2289512978977779,0.1936846849668271,0.0372474854481483,0.0601867096234162,0.125171939477304,4225919612.2008257,5203166662.685007,25496189886.254475,8968536084.25447,0.0445951779999134,0.1267773375292861,0.4711939130868886,-548771353.2022009,1693432533.6231089,26711639751.30674,0.0063124527630106
300124.SZ,SHENZHEN INOVANCE,3164829772.093535,0.2822818600921946,0.2088646158706697,0.3500953589292315,0.1732464867592641,0.1877479008062456,0.2242090784044016,686216315.173315,1299327031.0467677,5393619025.685008,2725706592.9656124,0.110165390490146,0.2179949036529208,0.2517572202907946,211633951.81017885,440279294.4896837,25335525730.94911,0.0048515075462131
002142.SZ,BANK OF NINGBO CO.,7959559834.938103,0.0966323649250477,0.180548449810703,,,0.398766114816991,0.4649243466299863,75493397524.07153,,325460385144.4292,21020082530.94911,0.0097523474312338,0.1509985865354413,3.5914891110878444,12640302613.480057,13035488308.115543,25160859219.80743,0.0585120948218136
600104.SS,SAIC MOTOR CORPORATION LIMITED,102347026586.52544,-0.04588458863771,-0.3430283575563063,0.1179398862784697,0.0164185976921072,0.0216615423406858,0.1925722145804676,27759289573.19945,27563500975.3934,136190836474.51996,38409013197.72215,0.0162785875117383,0.0577206823417894,0.7227285280749082,-1847342346.590096,1307364550.8266852,23849125079.50481,0.0607094664532939
TCOM,Trip.com Group Limited,2756396148.5557084,0.0007990810567846,-3.550909090909091,0.7747891611357852,0.004391436698438,0.0700134737262338,0.2943603851444292,6380330123.796424,6056671251.719395,26367400275.103165,15444704264.099035,0.0073190707962293,0.0124952129886091,0.4131079504466393,294773039.88995874,363273727.647868,23471458304.0,0.0
601818.SS,CHINA EVERBRIGHT BANK CO LTD,20865887207.70289,-0.0074979881052859,0.0322528624415416,,,0.2953755891756485,0.0921595598349381,147829848693.25998,,866645116918.8446,60932187070.15131,0.0071116465175041,0.1011497210916142,2.426137248660765,-8399587345.254471,-7757634112.792297,23233354863.273727,0.2274276141357835
YUMC,"Yum China Holdings, Inc.",9569000000.0,-0.028823708515173,-0.5535353535353535,0.149127390531926,0.0789006165743546,0.0461908245375692,1.04,1948000000.0,3152000000.0,11826000000.0,6482000000.0,0.0373752748181971,0.068188830607837,0.3005245294662141,734000000.0,1413000000.0,24035862528.0,0.0084041086424373
300015.SZ,AIER EYE HOSPITAL,2215948650.2489686,0.0739384933631694,0.0864645471704455,0.5046297198719939,0.2495775691136917,0.1566877215359357,0.0386083906464924,626556303.4456671,949687160.165062,3655962259.049519,2293187631.202201,0.0949714248796462,0.1514101769623262,0.2732250492373342,426745329.2998625,617699423.8486934,23391596808.803303,0.0039549244132209
600887.SS,INNER MONGOLIA YILI INDS. GP CO,16942371947.217333,0.1137105456097113,0.0834183409210387,0.3251778694327884,0.0909503003774346,0.0765688458033324,0.2035763411279229,5624021764.994498,4660726574.427786,18014484497.82944,6914426937.022009,0.0720119338039062,0.187616107160416,0.8133749645804663,931803712.7565336,1845986324.671252,22908207960.385147,0.0439453941135579
WXXWY,WUXI BIOLOGICS (CAYMAN) INC UNS,2100228335.62586,0.4838275810127259,0.3045048543918538,0.4403800988429895,0.3142616968352167,0.2895005848581342,0.2778541953232462,608206464.9243467,1198668913.3425035,6817659559.834938,4820826272.352133,0.0891827064937858,0.1261230538396178,0.1261622864139421,-44940440.1650619,762265887.2077029,23822151680.0,0.0
601066.SS,CHINA SECURITIES CO.  LTD.,3789988702.888584,-0.0775582893255626,-0.2667720429191846,,,0.2724655818271581,0.1182943603851444,18318485311.60248,,70145185468.57634,12825907331.514444,0.0147214875853952,0.0805121579596632,1.4282408907315478,5425458429.903714,5500692096.447042,22337240209.078407,0.0236754788110883
1766.HK,CRRC,30665562173.314995,-0.0123736157546818,0.1311166447709097,0.212223689158017,0.0592783161224763,0.0522719980565773,0.0563961485557083,3761731499.3122425,8981145942.228336,60817076478.67951,21326179092.15956,0.0263569099196886,0.0751634973803951,0.1763903174148631,2274519532.3246217,3294802751.031637,21470679589.27203,0.0401993914308221
BGNE,"BeiGene, Ltd.",1415921000.0,0.2037247839167955,0.4177729004906061,-0.3609396286939737,-1.263958229307991,-1.415202543079734,-19.37,538117000.0,4540288000.0,6379290000.0,4383355000.0,-0.3141125423048646,-0.4571418468273731,0.122763727783855,-1965718000.0,-1496619000.0,22055233536.0,0.0
600016.SS,CHINA MINSHENG BANKING CORP,19597799174.69051,-0.1559678680599986,0.0258282190744887,,,0.2475434459136977,0.0976616231086657,103681843191.1967,,998029298486.9326,79773452544.70427,0.0048608860956109,0.0608135486841175,1.2997035966707646,21397661623.108665,22871114167.81293,21271180430.26135,0.1543311647904284
0390.HK,CHINA RAILWAY,158783836588.7208,0.0755510138870005,0.1324590361005171,0.1001132930548927,0.0443968839447841,0.0270936734270587,0.164786795048143,53694944841.81568,34217459284.731777,221893513480.05505,41434727510.31637,0.0193878466592352,0.1038268542482666,1.295892312274692,-2579938789.54608,5990638927.097662,21007035406.385696,0.1363071084377995
601919.SS,COSCO SHIPPING HOLDINGS,53790714801.53783,0.1719088529358512,0.2273178290639192,0.4425611433151825,0.4090955624959375,0.2802515300540277,0.9312242090784044,12828633141.371391,32595559897.574966,70396109188.30536,27562967355.00275,0.2141443653584075,0.5469269665950779,0.4654300451813639,25626868586.85557,27069986946.41128,20920560576.616238,0.3149905211306062
2202.HK,CHINA VANKE,69303764423.48831,0.1127227126949943,0.0041620047189168,0.1955370745097884,0.1021011776800042,0.0448909411861938,0.2682255845942228,46727641818.76204,18875622733.138927,241695246795.45392,33382578019.88308,0.012872041357725,0.0931956546574571,1.3997613303241732,-1386005021.2407153,378328676.5392022,20101155048.78672,0.1613106692436947
ZTO,ZTO Express (Cayman) Inc.,4866161760.660248,0.1634934987322664,0.4320302294909994,0.2555127914195993,0.2186867703521237,0.1924712884044761,1.1499312242090785,1805152819.807428,2399760110.041265,10801043466.299864,7431712654.74553,0.0867135130583567,0.1260269963560562,0.242898629652311,1578996973.8651996,1578996973.8651996,21175988224.0,0.0085950624323892
BEKE,KE Holdings Inc,8345086519.94498,-0.2487065437119491,1.6445283508449258,0.2271472613615645,-0.0112883267355685,-0.0228465781386501,-0.1609353507565337,1676929160.935351,7551459422.283357,15040900550.206327,9480104539.202202,-0.0126758813819232,-0.0201112414386692,0.176889311083111,1163790096.2861073,1163790096.2861073,20418082816.0,
000063.SZ,ZTE CORP,16912574690.508942,0.0736347901266976,0.1860215727686471,0.3719008210018122,0.0858911552084285,0.0657178093429713,0.2352132049518569,6401471251.719395,7821203713.892711,24890450343.87896,8066188033.01238,0.0446539674314473,0.1377921459877679,0.7936179054492877,361180742.778542,1042324621.73315,20398458612.37964,0.0211255207421
000725.SZ,BOE TECHNOLOGY GP,24541090946.21733,-0.186476246926976,-0.7076808236387722,0.1170490908351006,0.0196836140850427,0.0423222906673271,0.0261348005502063,20462139658.18432,11827826864.511692,57848982560.11005,18719313671.93948,0.0179542515417602,0.0554846829601476,1.093103092174654,1873964547.455296,5917739656.808804,20023988432.462173,0.0947222025712085
600031.SS,SANY HEAVY INDUSTRY CO,11117212242.090784,-0.243758151818403,-0.6449204062970255,0.2430536694694756,0.0560369026637789,0.0528667314434772,0.0695323246217331,4826516781.292985,4973793397.524072,21836946492.434666,8936129573.590097,0.026914508134476,0.0657701602424985,0.5401126675196506,-215441953.2324622,563791334.2503439,19097769586.795048,0.0327644071114082
601688.SS,HUATAI SECURITIES CO LTD,4238157809.3796425,-0.1265411142003638,-0.1718412011257949,,,0.3587208975881016,0.1595598349381017,27701592526.67813,,116446632160.98074,22708005610.587345,0.0130559016202283,0.0669506516588078,1.2199042488241496,9041663617.645117,9238614740.843191,18818606058.87208,0.0760181108776607
NIO,NIO Inc.,6776968500.687758,0.3634044797405653,0.3771301046914159,0.1044072101070701,-0.3174571914125927,-0.29551187825437,-1.22283356258597,3260796286.1072903,5372571114.167813,13241255158.18432,3283103851.444292,-0.1512450796079632,-0.6099943166975761,0.9932053427651436,-1490902613.480055,-531775515.8184319,19082520576.0,0.0
600188.SS,YANKUANG ENERGY GROUP COMPANY L,27624383631.361763,0.3213251918140807,0.9002535167602612,0.4094013457769445,0.3014619148964785,0.1555328770329787,0.5735533700137552,10318423796.42366,6227446629.986245,40687142228.335625,13030991196.698765,0.1055984674061531,0.329713971684432,0.7918372164227769,4851222971.114168,7352191334.250344,18665441575.790924,0.1336293831658744
300274.SZ,SUNGROW POWER SUPP,5537446926.456671,0.667891968185951,1.270419703961322,0.2454572845120021,0.1114338458317985,0.0892612132539482,0.3328748280605227,938750497.7689134,1809779296.8913343,8476782878.557084,2567579833.517194,0.0583097665784505,0.1925078334595664,0.3656168682720054,-43503111.82393397,166505981.5529574,18189512292.709766,0.0026589628467336
0788.HK,CHINA TOWER,12678129298.486933,0.0645030894496736,0.1989357347523537,0.9364543777801888,0.170435065639579,0.0953347076055115,0.0069188445667125,10882943603.851444,703851444.2916094,42030261348.0055,26628748280.60523,0.0287570362612907,0.0453895067435986,0.4086915197504016,5016781292.98487,8959284731.774416,17083790353.001278,0.0371822172847176
6618.HK,JD HEALTH,6428631361.76066,0.5232300142619839,-1.354077802939338,0.2116457602947611,-0.0010038909923046,0.0081329976902248,0.0165061898211829,27429160.93535076,6460276341.127923,8428788995.873453,6159593947.730399,0.0062030315436895,0.0084882290066816,0.0044530794023293,499614167.81292987,812262585.9697387,16795175626.05364,0.0
601211.SS,GUOTAI JUNAN SECURITIES CO LTD,4775747082.255846,-0.1782287692343187,-0.2335454174789458,,,0.3314301812435462,0.1691884456671251,22942524306.74003,,118389070987.48282,21691742525.584595,0.0133697030295367,0.0729690903890504,1.0576616553363651,6732894748.830812,6978329865.061898,16862081514.167814,0.0970026177339629
601800.SS,CHINA COMMUNICATIONS CONSTRUCTI,99074902216.64375,0.0505157077455655,0.0617326034617062,0.1164611984314594,0.0515723216728464,0.0265230047801951,0.1499312242090784,64856522083.08116,15698090029.298489,207888593418.84457,38786530463.41128,0.012640251501414,0.0677493984043835,1.6721403360443037,-4620966220.907841,60837904.95185695,16833311480.605228,0.2202594216416371
AHCHF,ANHUI CONCH CEMENT,18159773550.20633,-0.2139359346095637,-0.5292416748546891,0.2130287260728527,0.128186004477526,0.118622675077742,0.4071526822558459,3044721169.738652,9438875594.77304,33559342811.14168,25259797074.41541,0.0641896037551819,0.0852802146820632,0.1205362482037721,-2337968051.7193947,1327272065.474553,18035824640.0,0.1000626138258734
601111.SS,AIR CHINA LTD,7276146354.883081,-0.2902670234009247,1.3205612081495897,-0.5655207428755158,-0.6757116733346461,-0.7300805836425346,-0.3865199449793673,29460287757.909218,1573490371.389271,40579275790.9216,3247473727.647868,-0.1309085259385033,-1.63578634438688,9.071755533260983,-3356265612.1045394,-2305647455.295736,16742840024.20908,0.0540533342051995
DIDIY,DiDi Global Inc.,19366118707.015133,-0.1900470985520086,-0.5180001013314959,0.1775089726003204,-0.1266016686511233,-0.1689256104708969,-0.7008253094910591,873196561.210454,5282458046.767538,18048593122.42091,13105389408.528198,-0.18125697680948,-0.2496250453195641,0.0666288146037255,-1665487895.4607978,-1314210316.3686385,16486294528.0,0.0
0916.HK,CHINA LONGYUAN,5483229649.993122,0.0713436230262221,-0.2017417275444277,0.3442767789312377,0.3497774717157724,0.1282437009215228,0.0803301237964236,14548239347.390648,2880557243.4883084,30659608589.767536,9464476745.722143,0.0229353764011334,0.0742977855205338,1.5371414329869122,1011164477.8363136,4072377321.0591474,15735888298.33972,0.0416557379404578
XPEV,XPeng Inc.,3693964099.037139,0.2795383733787444,0.8792497618800863,0.1150019480457338,-0.324166241825255,-0.3403065166086212,-1.469050894085282,1522081843.191197,4235432049.51857,9833700962.861073,5077120357.634113,-0.1278338704591735,-0.2475970562979561,0.2997923499888176,-1776103851.4442918,-1132376341.127923,16100229120.0,0.0
600919.SS,BANK OF JIANGSU,9697545529.573591,0.1077705593698639,0.2889977920080184,,,0.3600791028164133,0.18707015130674,79830184594.22284,,409944249243.4663,25949779917.46905,0.0085179472580827,0.1345631255800936,3.0763337819478846,-641128335.6258597,-524478954.6079781,15476549510.866575,0.0939014580052936
600999.SS,CHINA MERCHANTS SECURITIES CO L,2415064469.513068,-0.3690845406282486,-0.3068034872387489,,,0.4597642004506498,0.1182943603851444,25253585627.73315,,84135059182.65338,15840313222.308117,0.0131973542973554,0.0700971104093266,1.594260496829583,8520439146.98762,8597502393.826685,15432220311.416782,0.1001167681971204
000625.SZ,CHONG QING CHANGAN,16678523257.964235,0.1532309225564481,1.19522353679197,0.2048879702680059,0.0683287121790766,0.064315603202803,0.1072764786795048,276541623.27372766,7401719312.026135,20089209897.10041,8646231871.485558,0.0533962903151695,0.1240643669765064,0.0319840628130429,586154404.6148556,779414973.6616232,15902006157.909218,0.0156041745933899
6862.HK,HAIDILAO,4269413204.951857,-0.2450156189402783,-1.330151146660902,0.2542783938236457,0.1066944827533325,0.0442827799702783,0.0343878954607978,1358715268.2255847,968359147.1801926,2948989683.631362,1023822145.8046768,0.0641105957767458,0.1846624302197432,1.3271008776213735,729688308.1155434,846257909.2159561,14878237163.729244,
601186.SS,CHINA RAILWAY CONSTRUCTION CORP,150799569050.8941,0.0748058103447613,0.0790398563726146,0.1008518611138402,0.0492296757837833,0.0243015427456439,0.2420907840440165,35881536863.82394,21923811279.229717,209621877854.1953,39956531361.760666,0.0174822504732258,0.091716223816719,0.8980143080728826,3559100137.551582,7721451444.29161,15042785927.922972,0.1653260314248536
600011.SS,HUANENG POWER INTERNATIONAL INC,33937385034.525448,0.2058585524045852,-0.3054734347643527,0.0304147574481728,0.0024430616759345,-0.0299407258991795,-0.0839064649243466,41336195691.74691,2362527491.609353,69134247247.31775,14929226708.66575,-0.014697635159296,-0.0680617933455212,2.7688102336709166,-1128853819.394773,4473115559.009629,14813074134.80055,0.1208424714094269
600547.SS,SHANDONG GOLD MINING CO LTD,6919636074.06465,0.4824167639214589,-7.432319975082458,0.1410123923880625,0.0677063397489539,0.0247657280683895,0.0275103163686382,2882231302.631362,1732353721.841816,12478905202.932602,4522288732.486933,0.0137327612122761,0.0378944900424928,0.6373390716798267,-170890453.22145808,408772404.3081156,14639223443.191198,0.0158646351367854
001979.SZ,CHINA MERCHANTS SH,25172305240.20358,0.1391855767926715,-0.5888955676011519,0.1925007673798118,0.1163129450914229,0.0233006431916194,0.0563961485557083,28008830127.40165,11889431516.231089,121935540060.75652,13990633223.103165,0.0048101718532617,0.041923113368733,2.0019701525124542,2223080384.8376894,3050067413.7978,14467866409.903715,0.125798859965614
601600.SS,ALUMINUM CORP OF CHINA(CHALCO),40025851719.394775,0.078739014682402,-0.174746365926826,0.1075091214604349,0.0697188785918833,0.0144058443493854,0.0328748280605227,11892175790.921597,2313161485.557084,29208807565.337,7483220357.634113,0.0197408329159407,0.0770532153624141,1.589178885904332,3162858596.973865,3816393122.420908,14144770324.071527,-0.0
600600.SS,TSINGTAO BREWERY CO,4425249741.953233,0.0664558352117883,0.175940598261777,0.3684505423372118,0.1327370468353679,0.1153387633156363,0.3752407152682256,51317280.74277855,2825137510.4539204,6920453892.15956,3506853054.057772,0.073752797223023,0.1455444025546319,0.0146334277347034,426221687.2077029,671082712.7922971,14290652152.95736,0.0145456930343299
600029.SS,CHINA SOUTHERN AIRLINES COMPANY,11975103163.686382,-0.1434910078312542,1.7010573269453162,0.08141605118368,-0.2649467602430536,-0.3755958602786616,-0.2613480055020633,29510591471.80193,2735763411.2792296,42949931224.20908,5677441540.577717,-0.10472191797493,-0.7922228952150212,5.197867958812841,-1945804676.7537827,-337001375.5158185,14154124078.1293,
2338.HK,WEICHAI POWER,24093196097.08666,-0.1394767281165231,-0.469985490023195,0.1778224345439387,0.0280722518759003,0.0280034371606387,0.0784044016506189,6752111654.67813,11376301400.657495,40394234917.811554,10066609892.910591,0.0167026880018022,0.0670227921893412,0.6707433511884971,-1235854162.8280606,-323177224.3933976,13942988015.32567,0.0433512627206018
2319.HK,MENGNIU DAIRY,12736357909.215958,0.0505079702830024,0.0552050457493398,0.3530468644380207,0.0638910222920828,0.057271646436878,0.1837689133425034,5379450481.430537,2695079367.2627234,16205392709.766165,5515617606.602476,0.0450116945719285,0.132248505805947,0.9753124427971692,449603163.6863824,1146224346.6299863,13490188031.673052,0.0153626253227544
0960.HK,LONGFOR GROUP,34465626822.558464,0.1217216427029723,0.0213115910052643,0.2116754907936961,0.1642247976690545,0.0972284061882566,0.5570839064649243,30656319944.97937,8889759147.180193,108222065474.55296,19546129160.935352,0.0309644613558456,0.1714425366089328,1.568408746947641,1327303988.9958737,1370194360.3851445,13284542675.862068,0.0570731151487296
601336.SS,NEW CHINA LIFE INSURANCE CO LTD,29482393397.524075,-0.0345267159755317,-0.3428781695323476,,,0.0458250325422115,0.4332874828060523,1493122420.9078405,54090784044.01651,172633287482.80606,14151856946.354883,0.0078260204423111,0.0954667392403094,0.1055071731270168,12048968363.136175,12295048143.053646,13537024211.27923,0.0490783003659732
601169.SS,BANK OF BEIJING CO. LTD.,9096011004.126549,9.074135688580398e-05,0.1140106181949067,,,0.3744253568836196,0.140302613480055,66480330123.796425,,466018156808.80334,39976891334.25034,0.0073082499397866,0.0851936469487186,1.662968977951499,17152544704.2641,17337276478.679504,13319798738.9271,0.1810606850543848
600009.SS,SHANGHAI INTERNATIONAL AIRPORT ,753844239.5268226,0.4701571023999977,0.7428191591246451,-0.6241300532658286,-0.6565910609537102,-0.5440900032505078,-0.1733149931224209,2792414315.54608,1908757759.909216,9324373027.088034,5449889018.187071,-0.043987849214417,-0.0752600857312442,0.5123800331029472,-186848838.23796424,-16088219.861072903,13188601661.62311,0.0007418116851919
300014.SZ,EVE ENERGY CO LTD,4993665448.215956,1.1481874951312787,0.2075753309728725,0.1643211699221411,0.0760553488161209,0.0966551584391472,0.2517193947730399,2789574230.22696,1697257201.764787,11504513505.045391,4183418243.121046,0.0419542751527678,0.1153753932882686,0.6668169587905688,-1509628389.1471803,393427786.54057777,13352051781.017883,0.0078088510338996
HTHT,H World Group Limited,1906740027.5103164,0.0840697583483225,2.9161290322580644,0.1155677391429808,-0.0212090607415957,-0.131366325205598,-0.8115543328748281,6036726272.352133,738789546.07978,8460385144.429161,1200687757.909216,-0.0296063862649779,-0.2086149616221789,5.027723679688395,70288858.3218707,215130674.00275105,13188458496.0,0.004338752558847
600115.SS,CHINA EASTERN AIRLINES CORP,6342640990.371389,-0.3106134226381808,2.0609137055837565,-0.6178135369000889,-0.6864305697122162,-0.8107826765847629,-0.2724346629986245,30251306740.02751,2424346629.986245,39304264099.03714,4000000000.0,-0.1308383086840576,-1.2856258596973866,7.562826685006877,-2268638239.3397527,-890508940.8528198,12518659450.894089,0.0575427134940829
0175.HK,GEELY AUTO,20352771251.719395,0.4561864901787853,0.0851798719656198,0.1412204700491733,0.0084338862377037,0.0355514179005205,0.0687757909215956,1809678679.5048144,4586153920.220083,21709261210.45392,10334312929.848694,0.0333300092153825,0.070016253728265,0.1751135940811219,781486519.9449794,2203355570.8390646,12659577820.689655,0.0194237676994381
600015.SS,HUAXIA BANK CO,12903851444.29161,-0.0215586474477982,0.0637348629700447,,,0.2668663589557727,0.1966987620357634,96729160935.35075,,536474140302.6135,41331361760.66025,0.006418955906247,0.0833169705703227,2.340333267882281,7843328748.280605,10863136176.066025,12237179175.790922,0.1571304575150745
688012.SS,ADVANCED MICRO-FABRICATION EQUI,651971251.3823935,0.5249760413469162,0.1565800004469,0.4573786552412053,0.2120114647883918,0.2468004427530561,0.2613480055020633,72059365.92297111,1412010187.8376892,2755815882.927098,2129839322.612105,0.0583880782821133,0.07554879459456,0.0338332404505496,-122089935.91471805,84941324.9133425,12020441617.606604,
2331.HK,LI NING,3549296148.5557084,0.1431446826308782,0.0132023363445588,0.4838432619474741,0.1737172990068783,0.1574922947118988,0.2122971114167813,294589683.6313618,1103925997.2489684,4628131911.966988,3346551581.843192,0.1207802209791747,0.167033670743622,0.0880278329578621,286544566.7125172,538322420.9078405,12187056355.555555,0.0134844396436046
601229.SS,BANK OF SHANGHAI CO LTD,7304074140.302614,-0.0554395048340744,0.0107865948851788,,,0.4195848451408824,0.1856946354883081,49351296698.76204,,395945633975.2407,30406335488.30812,0.0077401505511941,0.1007907979649448,1.623059665237814,3370217606.602476,3465041403.026135,11920339208.803305,0.1638742566008287
002460.SZ,GANFENG LITHIUM GR,5752752252.751032,2.746793180932855,2.921572443316488,0.4949978270418265,0.4397293315957405,0.4902519817475768,1.3988995873452543,1759824794.1829436,1393401799.4126549,10888570848.437414,6058160521.423659,0.2590145420984024,0.4655370524502484,0.2904883071288093,1037264946.5667126,1718106366.7716646,12403104924.34663,0.0075407346661548
601238.SS,GUANGZHOU AUTOMOBILE GROUP,15131559416.36864,0.453654772509354,0.0999707466560178,0.0746891289117166,-0.0279153698178622,0.0733429103712698,0.1059147180192572,2834772243.4663,6017076911.416781,26137654388.170567,15575609520.357635,0.0424595332683923,0.0712519535496667,0.1820007261841789,-1838018068.2255847,-735746600.1375517,11989339061.348003,0.0379766094914038
002466.SZ,TIANQI LITHIUM COR,5563807975.484181,4.278244809083994,10.6047353015161,0.8512387750957006,0.8341502544850573,0.5964216153729425,2.1348005502063274,1197390193.5281982,1714031427.0605228,9745047058.784044,6670455311.811555,0.340519170440742,0.4974735884201487,0.1795065160556502,2555921616.738652,2791964679.661623,11698958014.855572,0.0143552105303398
601009.SS,BANK OF NANJING CO. LTD.,6034214442.916094,0.0832759413523673,0.1608955727832619,,,0.4196163240525332,0.2118294360385144,35325929298.48694,,283285246079.7799,20138429023.38377,0.0089381812788374,0.1257324928444545,1.7541551656024497,13345595735.900965,13455373865.199451,11211603877.854197,0.0898415203391459
TME,Tencent Music Entertainment Gro,3898074277.854196,-0.0929778517475354,0.2139319907560251,0.3095733794417587,0.113483185715798,0.1297505204841384,0.3136176066024759,820495185.6946355,2872489683.631362,9217193947.7304,6616093535.075654,0.0548732259845692,0.0764464957691428,0.1240150522879893,1029023383.7689134,1029023383.7689134,11046980608.0,-0.0
EDU,New Oriental Education & Techno,2997760000.0,-0.0346143268520432,-1.1493120017243106,0.5298362777540564,0.0633960023484201,0.059157837852263,,458595000.0,3996609000.0,6392458000.0,3604348000.0,0.027742223726773,0.0492019638503274,0.1272338298077766,971008000.0,971008000.0,10017011712.0,
2016.HK,CZBANK,6676891334.250344,0.1597142584097859,0.0766919671094243,,,0.2805463422673616,0.074798211829436,44890096286.10729,,360650618982.1183,22411691884.456676,0.0051938838946882,0.0835803673902769,2.00297668366752,22334800550.20633,23076341127.922974,9112495178.544062,0.0301896635659275
688599.SS,TRINA SOLAR CO LTD,11699008644.955984,0.912118862076541,1.0396614305601068,0.1342604739223564,0.0662874053511213,0.0432680101203842,0.2352132049518569,2379496295.3039894,2645432252.5983496,12376349914.96974,3622966987.8734527,0.0409000091243506,0.1397177578881376,0.656781114282431,155271457.12379643,1270576553.3796425,9053012441.265474,0.0136673976567339
2883.HK,CHINA OILFIELD,4904937508.528198,0.2210695189894636,6.5121606474819576,0.122765606664481,0.0782064989470968,0.065975825097065,0.0678129298486932,3056323076.8913345,1269227970.8390648,10616793752.95736,5410079917.3315,0.0304806994187438,0.0598156227115973,0.5649312253410951,379312337.2764787,949090279.0921596,8884590181.353767,0.026319704344474
MNSO,MINISO Group Holding Limited,1578157909.215956,0.1375775619397423,1.7718726984972657,0.3872545499044382,0.1841118020347927,0.1541788486707466,,122826547.45529574,1000860660.2475928,1849754195.3232465,1224348693.2599726,0.1315410285748959,0.1987330658357502,0.1003199073364105,,,9434134528.0,0.0
2382.HK,SUNNY OPTICAL,4566291196.698762,-0.114674026502278,-0.5172829548956126,0.1989640490024727,0.0831265245947239,0.0725306675130901,0.3028198074277854,885471664.3741404,2488966299.8624487,5914895185.694635,3003904676.7537827,0.0559935786109476,0.1102552125301195,0.2947735563070661,586457221.4580468,1014758734.5254472,8846242623.75479,0.0164614375724304
900945.SS,HAINAN AIRLINES HOLDING CO LTD,3145005914.7180195,-0.327563666145825,-5.288761503549933,-0.5142745689734162,-0.5885787003285006,-0.8855313633855347,-0.0817056396148555,15624955020.632738,1501555845.9422283,18997837001.37552,160162173.31499314,-0.1465957085174577,-17.38863376958877,97.55708665305713,-443227510.31636864,-301777441.5405777,8903162880.0,0.0257081721520191
1099.HK,SINOPHARM,75948768913.34251,0.0596799564250145,0.098858615279006,0.0859083047638262,0.0420306184461019,0.0154408998102047,0.375515818431912,9572240165.0619,7595890233.837689,50175396698.76204,9362937964.23659,0.0233723579414818,0.1252509987761016,1.0223543295517683,2551067125.17194,2883602063.273728,8708355465.644955,0.0369689062603614
2688.HK,ENN ENERGY,15137689133.425035,0.1819080042528971,-0.2437137330754352,0.1431699848252174,0.0966915339251801,0.0532934730261424,0.7138927097661624,2774002751.031637,1111691884.4566712,14078541953.232464,5369188445.667126,0.0573028109153794,0.1502536250448327,0.5166521494082082,438651994.4979367,1389546079.7799177,8487611929.501916,0.0430597623917056
002812.SZ,YUNNAN ENERGY NEW,1731901723.4773042,0.5773305322356441,0.4720413499074494,0.4783426867892109,0.3970705357270954,0.317725806172064,0.6134800550206327,2062275317.6231089,545277427.6341128,5312617811.907841,2438267245.167813,0.1035779140877072,0.2256807051782961,0.8457954400651326,-653944192.8624485,69269270.79229712,8413786850.068776,0.0097416192092423
600588.SS,YONYOU NETWORK TECHNOLOGY CO LT,1273967553.2324622,0.0369406219419088,-0.690331490919218,0.5637383219468501,0.0339482794166835,0.0236642121990856,0.0082530949105914,620117240.8528198,1147459062.173315,3240040984.31912,1576488158.8720772,0.0093046472746326,0.0191231620388524,0.393353567144134,-174791780.74277854,39334403.43878955,8117652811.004127,0.0081939847893844
VIPS,Vipshop Holdings Limited,14188788033.01238,-0.1188042649493705,0.3455923460283572,0.209554613849405,0.0600804310209131,0.0610631508852878,1.3521320495185696,502998762.0357634,3237215543.3287487,9006259972.489685,4505094497.936727,0.096201098700873,0.1923182976374874,0.1116511012734872,1020234250.343879,1447000275.1031637,7958321664.0,0.0
0322.HK,TINGYI,10827705639.614857,0.0625672866600832,-0.3077384718717932,0.290906599835208,0.045349314040018,0.0334400187404516,0.0642503438789546,2464941265.474553,1930388170.5639613,8039794497.936727,1839274552.957359,0.0450358127434395,0.1968595057886437,1.340170373972275,170064511.69188446,615586382.3933976,7656396996.168581,0.1159225555256429
601021.SS,SPRING AIRLINES CO LTD,1151164558.3218708,-0.2292426294346229,-78.61890070969947,-0.3849192859084817,-0.3358065120782654,-0.3627476922511732,-0.4539202200825309,3441273996.423659,1420688850.6189823,5972445877.441541,1883478777.0288856,-0.0699181366397718,-0.2217079863205676,1.8270840310991632,-568646916.0935351,60332911.966987625,7571303878.954608,0.0103718643967265
3692.HK,HANSOH PHARMA,1290565337.0013757,-0.0556339361464522,-0.0476076909523455,0.9075919726381602,0.297523024468127,0.2753820180529309,0.0605226960110041,602181017.8817056,2974340027.5103164,4126805914.71802,3115122971.114168,0.0861195060482711,0.1140881083116556,0.1933089073739927,336916368.6382394,377057083.9064649,7631216273.818646,0.0128370147363666
YMM,Full Truck Alliance Co. Ltd.,926223383.7689134,0.4459129327151123,-1.1113060029859505,0.4780610617371515,-0.0240585929401673,0.0604074109055958,0.0550206327372764,11075790.9215956,3607207840.440165,5047635625.859697,4629605639.614856,0.0110845474358444,0.0120854260360618,0.0023923832360194,-13921045.39202201,-2134800.550206328,7546461184.0,0.0
1157.HK,ZOOMLION,5726478367.1691885,-0.3798434529349949,-0.6321957821457626,0.2183066871595938,0.0688284098100547,0.0553918857765693,0.0371389270976616,3096149092.431912,2683517806.110041,16994914114.448418,7529724607.547456,0.0186644329874288,0.0421264325256044,0.411190216615422,123086139.74140304,333512004.4401651,7391798534.8659,0.0689450781581013
000876.SZ,NEW HOPE LIUHE CO,19464611850.90372,0.12074940589777,-0.8477082862106331,0.0663915909567021,0.018823128288105,-0.0103217687214162,-0.0495185694635488,9540745591.462172,1604036363.1801927,18800383627.91334,4022526087.808804,-0.0106864426680566,-0.0499460332615538,2.3718293885967854,328040369.00412655,1270736261.8514442,7115661909.215957,0.0501237006638339
1177.HK,SINO BIOPHARM,3958791196.6987615,0.0714430053345036,-0.82588319661302,0.7986300543578042,0.209736365136121,0.088378512441031,0.0167125171939477,1923241127.9229712,2327601513.0674005,8812143603.851444,4091751719.3947735,0.0397034016644906,0.0855066731860839,0.4700287944664065,627172352.1320496,861781980.7427785,7059454430.6513405,0.0246992757007062
0881.HK,ZHONGSHENG HLDG,24739611004.12655,0.0271492111314421,-0.1994723224416043,0.0891352435311765,0.0328121113926014,0.0370714291798485,0.3727647867950481,4214330261.348006,1640685006.8775792,12608078129.298489,6026647042.64099,0.0727416762389231,0.1521796001636382,0.6992827407229752,678609078.4044017,1208367537.8266852,6820803580.076629,0.0348567480129948
BZ,KANZHUN LIMITED - American Depo,620503713.8927099,0.0591515446354278,-1.100128469181401,0.8326644590564262,-0.0287114209469965,0.0237737809854974,0.0330123796423658,40581705.63961486,1817044429.1609356,2039459009.6286108,1601205364.511692,0.0072331531671525,0.0092128840695408,0.0253444726947881,137970013.7551582,137970013.7551582,6575778304.0,0.0
3799.HK,DALI FOODS,2745144291.609353,-0.1048174845249843,-0.1973402948815172,0.3519508925075107,0.1683193117430958,0.1498250330620043,,757761485.557084,2302476203.576341,3714358184.31912,2571390371.3892717,0.1107301218247313,0.1599490061200359,0.2946893999403445,391600275.1031637,483798349.3810179,,0.0
9863.HK,LEAPMOTOR,1703525447.0426412,2.9541496504376195,0.7952542244233816,-0.154329681225842,-0.419367312547892,-0.4125182585188253,-0.672627235213205,303977716.6437414,1094857909.215956,2650322971.114168,1136017744.1540575,-0.2651508357342242,-0.6185953999158963,0.2675818385830761,-525162173.31499314,-330091334.2503439,6114885443.678161,0.0
002555.SZ,37 INTERACTIVE ENT,2256675949.4704266,0.0116878447391275,0.0274035470680122,0.8141818058224888,0.200872524512433,0.1800786728249491,0.1843191196698762,176993467.82255846,1089747826.9284732,2351391710.6547456,1675838573.935351,0.1728249734551713,0.2424930517157873,0.1056148668346539,445281713.9724897,489294208.7015131,6440031498.211831,0.0348960065254486
1585.HK,YADEA,4272275515.818432,0.1517347230736576,0.5780225557596048,0.1807505369623016,0.0779307600590261,0.0695792902660875,0.1002751031636863,262877441.5405777,1514616368.6382394,3432281430.536452,913668775.7909216,0.086607670212337,0.3253497395207615,0.287716345907757,331990646.4924347,423442778.54195327,6102855339.974457,0.0158967688853552
3618.HK,CQRC BANK,3971595185.694636,-0.0685672453969019,0.0748835555559275,,,0.3558825590125089,0.1224209078404401,23621432187.070152,,186011175378.26688,15642850343.878956,0.0075985835537702,0.090355748918856,1.5100465495607849,9668542640.990372,9752568225.584597,5700677836.015326,0.073080187033886
BILI,Bilibili Inc.,3012265061.898212,0.1297732154527489,0.1042511755386621,0.1757735807941918,-0.3816557954008022,-0.3423423822467767,-2.6121045392022006,2105163136.1760664,2691060247.592848,5753861072.902339,2095987345.2544703,-0.1792233048700986,-0.4920001065768691,1.0043777892754795,-538015130.6740028,-538015130.6740028,5742111232.0,0.0
000800.SZ,FAW JIEFANG GROUP,5272592446.200826,-0.6118352939400569,-0.9057027843510704,0.0803400948725627,-0.0438810811925492,0.0095937564373279,0.0101100412654745,12078814.020632738,2894287952.917469,7809196783.510317,3262644715.609353,0.0064774866256357,0.0155039767217493,0.0037021542562831,-1095463572.5790925,-706360931.1348007,5587759256.121046,0.0744694820482197
002007.SZ,HUALAN BIOLOGICAL,621317662.7317746,0.0182091159926052,-0.1714006981387248,0.6606436916062118,0.3301791938942107,0.2382710183822258,0.0809903713892709,152698236.23521322,477024762.3136177,2027643214.0990367,1430338666.6107292,0.073011854949908,0.1035013564925559,0.1067567002135519,77491491.19119671,131679767.1389271,5440487491.609354,0.0100998732460358
1548.HK,GENSCRIPT BIO,625698000.0,0.2243093792925319,-0.3478763313354318,0.4859900463162739,-0.6836461040310181,-0.3625566966811465,-0.1082,349799000.0,1463329000.0,2546383000.0,1010541000.0,-0.0890875410336936,-0.2244847067066056,0.3461502304211308,-323864000.0,-120292000.0,5439399070.242658,0.0
300418.SZ,KUNLUN TECH CO LTD,651501103.1416782,-0.023484611646618,-0.2549346938675886,0.7884994380507298,0.1836494004083672,0.2433281826273107,0.1334250343878954,105243628.15818432,344125705.05502063,2415508391.660248,1746589426.0866575,0.0656294881667504,0.0907646508328782,0.0602566502386249,103575095.6698762,114282097.71664377,5247773790.371389,0.0029413233404603
LU,Lufax Holding Ltd,6939077303.9889965,-0.071177292188565,-0.4823153844414373,,,0.1724454008171571,0.5213204951856947,7306013067.400275,,48041651581.84319,12818410729.023384,0.0249078024503193,0.093351039554245,0.5699624720916483,612833700.1375517,612833700.1375517,5563042304.000001,0.1908219816646751
0656.HK,FOSUN INTL,24125642228.33563,0.0874333900357504,-0.9466086060922968,0.3271531128542514,0.0260388104983574,0.003071466438544,0.0082530949105914,33890871251.7194,21958538239.339752,113225043191.1967,16715388720.77029,0.0006544585749243,0.0044331066211208,2.027525163659946,-1345502338.3768914,242601650.6189821,5129322454.150702,0.0942364328261207
002602.SZ,ZHEJIANG CENTURY G,1578421738.3026135,-0.1761705427583755,-4.048115016563443,0.5151521125295184,0.0662128507869688,-0.6180403599139747,-0.1320495185694635,132668348.47455296,328234544.88033015,4582080823.682256,3318463800.687758,-0.2129007271531788,-0.2939698601004503,0.039978844562673,161162402.94360387,205067500.07977992,5043547906.464925,0.0085787893581478
0384.HK,CHINA GAS HOLD,11748204980.842913,0.0426550724575915,-0.4396418915285702,0.1308281165096333,0.0794121805189771,0.0466741665216756,,7839954661.55811,1346555044.6998725,20088277011.49425,7394710600.255427,0.0272964015426952,0.0741526890298723,1.0602111543469062,519411238.825032,1280623754.789272,5067645482.503193,0.0754085264015267
3888.HK,KINGSOFT,1050446079.7799176,0.1985961968206075,-16.2990246172837,0.8088528054433677,0.2446962009851582,-0.7919860600258514,-0.6121045392022009,384483906.4649244,2933495048.143054,4386251581.843191,2682429986.244842,-0.1896696157234329,-0.310143659391139,0.143334181483397,284024896.8363136,353991609.3535076,4928120970.625798,0.0039055261029772
TAL,TAL Education Group,1019772000.0,-0.7677536782263892,-0.8806353230086743,0.5721023915149661,-0.0889708679979446,-0.132982666713736,-0.213312,157722000.0,3171534000.0,4724354000.0,3844643000.0,-0.0287048768995718,-0.0352729759304049,0.0410238349828579,-102968000.0,7358000.0,4623079936.0,
6060.HK,ZA ONLINE,3113521182.943604,0.0315284899301409,-2.164439845782636,,,-0.0599106289693809,-0.1265474552957359,987518431.911967,2117206602.4759283,7504455020.632738,2092685006.8775792,-0.024856303604564,-0.0891357331689214,0.4718906231308113,-153053507.565337,-96548555.70839064,4458236011.238825,0.0
IQ,"iQIYI, Inc.",3988658596.9738655,-0.0509521734689312,-0.9779220122458824,0.2303033690986562,0.0452597233393664,-0.0046973626873554,-0.0192572214580467,3003225859.6973867,1088886244.8418157,6334023246.217332,859784319.1196699,-0.0029580213614173,-0.0217917164216354,3.4929991079302063,-818685969.738652,-818685969.738652,4544296448.0,0.0019444844144126
9926.HK,AKESO,115220907.84044015,2.7125863154069125,0.0869449537785145,0.8876424212325823,-1.458859006561166,-1.3948363051180914,-0.1953232462173315,258474415.4057772,314759284.73177445,755976341.127923,362534662.9986245,-0.21259171302203,-0.443307417931293,0.7129646949283794,-281005639.6148556,-170620770.28885832,4130094884.291188,0.0
6415.TW,SILERGY CORP,737718418.5754628,0.0932304401930135,0.053185719149126,0.5256643610592893,0.2529418249756732,0.2568461108091732,0.4772513335425165,3258864.1355506745,544991308.4405397,1106814308.126765,965274050.8315028,0.171194124698377,0.19629669576239,0.00337610249933,183522183.87197992,219637935.36240977,3976343334.797615,0.0133532043229729
600060.SS,HISENSE VISUAL TECHNOLOGY CO LT,6291351309.495186,-0.0227132862376902,0.4757922669584895,0.1822396539755268,0.0450123813066404,0.0367113572822678,0.1760660247592847,80406575.21870703,1636793912.5694635,4918783125.577717,2414243843.9986243,0.0469555253432757,0.095667240194182,0.0333050762119921,651955757.6795049,688427875.2792298,3780853365.612105,0.0044966363671779
2007.HK,COUNTRY GARDEN,59198211829.43604,-0.1772115840509001,-1.225846176810837,0.076406170490112,0.0275157945121767,-0.0140622857952789,-0.0357634112792297,37375240715.26823,19215268225.584595,239954195323.24625,28008665749.656124,-0.0034692545058175,-0.0297215933367055,1.3344170354036626,4632187070.151307,4899724896.836314,3824737822.7330775,0.0313962777357893
002517.SZ,KINGNET NETWORK CO,512453159.6176066,0.5684456057766778,0.7775660612746531,0.750167253828933,0.3578413479609293,0.2751743217113293,0.0674002751031637,5298297.895460798,350890140.8913343,794559490.1389272,615117393.9587345,0.177474377131845,0.2292472168590024,0.0086134743505826,185883866.06740028,203991922.29711145,3606285169.738652,
601866.SS,COSCO SHIPPING DEVELOPMENT CO L,3525968051.2407155,-0.3103302981274695,-0.3561382204049218,0.2836098401387247,0.2354271958803773,0.1529839219150965,0.0398899587345254,12817719813.709766,2228419408.789546,17626785433.072903,3974457672.3603854,0.0306020869814433,0.1357207612946552,3.2250236058238024,15156919.393397523,1542337160.8885832,3655450691.6093535,0.2184014860834155
ATHM,Autohome Inc.,954721870.7015132,-0.0409252226473828,-0.2404238001092035,0.8220424133835329,0.1797367691578007,0.2801952447172008,1.9917469050894088,15184181.568088034,3037261485.557084,4087457909.215956,3285948005.5020638,0.0654461854139036,0.0814098481625857,0.0046209439536667,336662035.7634113,352830123.7964237,3652300032.0,0.0158811572224187
603444.SS,G-BITS NETWORK TECHNOLOGY (XIAM,710813684.7551582,0.1187624885688496,-0.0051914487124234,0.8873485476071766,0.4255673233901519,0.2826979799530977,2.796423658872077,1066757.6657496565,448174070.1444292,892767578.9243467,547281233.2916094,0.2250816422404262,0.3671706255935709,0.0019491946751648,235046891.7207703,241044561.55983496,3611865476.753783,0.0817399402383204
002607.SZ,OFFCN EDUCATION TE,663660812.3012381,-0.3019376103730025,-0.5348995085939403,0.3824037060419691,-0.2120778061870648,-0.22841498021441,-0.0247592847317744,149597548.11554334,53002552.37138928,1104183542.401651,107281146.59834938,-0.1372870229356535,-1.413016882438866,1.3944439713682648,93594056.477304,108279499.07565336,3469692866.02476,0.0020676428544646
002624.SZ,PERFECT WORLD CO L,1055075959.8459424,-0.099506467627128,2.730657757028993,0.6844600921279409,0.1526904176188379,0.1795456234783045,0.0990371389270976,341170999.87070155,418888132.3273728,2150755781.851444,1259846127.9229712,0.088078001522069,0.1503630219825485,0.2708037055550336,120789681.65887208,158900776.1746905,3487676390.6464925,0.0915337945956787
002558.SZ,GIANT NETWORK GROU,280289879.1389271,-0.0407487141189677,-0.1443493165857255,0.8403633797848726,0.3032789065535258,0.4176030780662377,0.0632737276478679,86603642.33562586,291918263.43741405,1816928286.8335629,1630944907.0866578,0.0644218691114207,0.0717681607579957,0.0531002868087832,85757764.03301238,101355482.9381018,3403158219.532325,0.0124313580551268
0489.HK,DONGFENG GROUP,12745942228.335629,-0.1800315021945349,-0.0985334152981469,0.0952591649309864,-0.0174827061502433,0.1107777645878074,0.163878954607978,7517744154.057772,12457496561.210457,45396973865.199455,21437689133.42504,0.0311026675877783,0.0658637681903344,0.350678849164592,-242365887.2077029,902613480.0550208,3320487004.853129,0.1070839423689829
CD,Chindata Group Holdings Limited,626088308.1155434,0.5957994262128117,1.0593830984135009,0.4158560103979601,0.261104625079806,0.1431630907567389,0.2448418156808803,1190682806.0522697,428598899.5873453,3177473314.9931226,1500626409.903714,0.0282088088210026,0.0597302144523965,0.7934571844091884,118197386.51994498,118197386.51994498,3057444096.0,0.0
WB,Weibo Corporation,1836332000.0,-0.1864136143863561,-0.8002540162822569,0.781855895339187,0.2671869792608308,0.046590159077988,0.36,2421572000.0,3171196000.0,7129454000.0,3330250000.0,0.0120002176884793,0.0256902634937317,0.7271442083927633,367396000.0,564104000.0,2848740352.0,0.0
002747.SZ,ESTUN AUTOMATION,533807223.8872077,0.2848654537721071,0.3628046201126902,0.3385114186295065,0.0874705044478243,0.0428531003516985,0.0261348005502063,389345081.32324624,178323043.9009629,1134889159.469051,381562949.7455296,0.0201564129349884,0.0599515612009919,1.0203954067943617,-35226455.74277855,3722723.716643742,2645670910.591472,0.0048200446055096
ZLAB,Zai Lab Limited,215040000.0,0.490104772991851,-0.3707533738081482,0.6557942708333333,-1.8803803943452384,-2.0614118303571427,-4.6,20393000.0,1008470000.0,1220140000.0,1045595000.0,-0.363307489304506,-0.4239557381204003,0.019503727542691,-392626000.0,-367642000.0,2569026560.0,0.0
QFIN,"Qifu Technology, Inc",1918323521.3204956,-0.0235503801416159,-0.3039840186103628,,,0.2885495358883114,3.43878954607978,20632737.27647868,,5549266850.068776,2592456121.045392,0.0997485571907215,0.2135161931062702,0.0079587604623212,814651306.7400275,814651306.7400275,2526927104.0,0.0538130157663752
DQ,DAQO New Energy Corp.,4608349000.0,1.745037059363483,1.4595494162405336,0.7395101803270542,0.6598078834741032,0.4036061504890363,23.35,20687000.0,3534278000.0,7592982000.0,4847535000.0,0.2449575147155623,0.3836915050639139,0.004267529785757,2466927000.0,2466927000.0,2510375680.0,0.0
300459.SZ,ZHEJIANG JINKE TOM,224607558.1636864,-0.1589292660781897,-0.3786951527106887,0.9277880581593004,0.3360678542161193,0.2694451961890842,0.0178817056396148,232714218.58046767,85717218.85969739,858561688.0275104,533913889.605227,0.0704893176796708,0.1133505397653418,0.4358647023634004,76871144.45804678,89091043.30261348,2432534395.5983496,0.0051236553055892
YY,JOYY Inc.,2411516000.0,-0.0792405340713106,-2.605258241689812,0.3533578047999681,0.0271882915145493,0.0534481214306685,1.6,907582000.0,3937634000.0,9071653000.0,5178217000.0,0.0142081051821536,0.0248910001261051,0.1752692094595495,247275000.0,316494000.0,2380469760.0,0.0613009257466895
RLX,RLX Technology Inc.,733532187.0701513,-0.3741588113477114,-0.2881860293286011,0.4322568026914297,0.1994102887068824,0.2702566523007985,0.1492434662998624,11818844.566712515,1483941540.5777168,2252933149.9312243,2141548830.8115544,0.0879928253701242,0.092569429368247,0.0055188302954706,66964099.03713893,66964099.03713893,2356185088.0,
000927.SZ,CHINA RAILWAY MATE,7494503991.345255,-0.0787809736688313,-0.2876175512670471,0.0457728356269327,0.021348464508267,0.0127769479835928,0.0158321870701513,294101495.7193948,802420209.2544705,3803847369.914718,1157682315.9683633,0.0251736934603646,0.0827143045543976,0.2540433516714718,-106681465.3906465,-82078991.1031637,2263679894.3603854,0.0075851761352365
0694.HK,BEIJING AIRPORT,306870426.4099037,-0.3329918985478258,0.6662288445701634,-0.9741119022048026,-1.5921966805142926,-1.58077866449599,-0.1059147180192572,1344652819.807428,219708253.0949106,4605694635.488308,2284033012.3796425,-0.1053248774019364,-0.2123849437395663,0.5887186448353862,-277976891.33425033,-206509078.4044017,2158004409.706258,
GDS,GDS Holdings Limited,1282755295.735901,0.1927371125641268,0.2286479820892204,0.2075845591574446,0.0605361717614604,-0.1564154747276618,-1.1334250343878955,6146450481.430537,1184062035.7634113,10290777716.643742,3166581705.639615,-0.0194973386916563,-0.0633625774394555,1.941036440172644,-680277854.1953232,393131636.863824,2111338368.0,0.0033602550855117
3899.HK,CIMC ENRIC,2696253232.462173,0.0638813101693629,0.1940750197208858,0.1735272662491905,0.0749241356427108,0.0538248578788405,0.0643741403026134,295706740.02751034,720609628.6107291,3055636038.514443,1257464511.6918845,0.0474943498549639,0.1154111672283925,0.2351611017869959,289079917.4690509,352270839.0646493,1800325133.0779054,0.0278306752366318
300315.SZ,OURPALM CO LTD,166841082.31361762,-0.1761156853079913,-1.077284511866315,0.7889972202349658,0.0740463397975038,0.0792965004003789,0.0055020632737276,2557839.8775790925,382898895.97661626,715766059.9023384,628475329.4236588,0.0184835726246737,0.0210508087288229,0.0040699129430024,17234767.08253095,19110058.23658872,1794068846.2173316,
2128.HK,CHINA LESSO,4232078541.953233,-0.0402517232739685,-0.1730648760462249,0.2678638307515101,0.1730946298642408,0.0818183357601051,0.1127922971114167,2835500412.6547456,880513480.0550207,8109023933.975242,2997833975.2407155,0.0427007770513411,0.1155039358311569,0.9458497155190408,229810316.36863825,628980742.778542,1628473346.615581,0.0548471942346224
JKS,JinkoSolar Holding Company Limi,11489527922.971115,1.0459462111418651,-0.0774777398685195,0.1478126460423239,0.0230359520734795,0.0079631990224026,1.705639614855571,6572231499.3122425,1441155295.735901,14951333975.240717,2253377854.1953235,0.0061194136707523,0.0406027765621863,2.916613157920278,-2494140440.165062,-797907015.130674,1542989440.0,0.0
002174.SZ,YOOZOO INTERACTIVE,272428052.71801925,-0.3819240512580125,-4.781559086704805,0.4007205218680865,-0.0109621942125199,-0.3205312493925648,-0.0990371389270976,116691117.49105915,225509237.42365888,863645650.1265476,624488012.7427787,-0.1011082544032905,-0.1398292718602707,0.1868588589531873,15860658.616231088,21666679.877579093,1441226053.370014,0.002683123425435
MOMO,Hello Group Inc.,1747478954.607978,-0.1284016932543773,-1.509413777907738,0.4158282019481474,0.1281109071885991,0.1168342966389309,1.0041265474552958,380715405.7771665,1460573452.5447044,2177384731.7744155,1503526547.4552958,0.0937663755851621,0.1357910672734747,0.2532149541499773,157695460.79779917,168760797.7991747,1358887040.0,0.0851288328390991
HSAI,Hesai Group,165429160.93535078,0.6685951651571658,0.2284797019936526,0.3924493003068173,-0.314481112857226,-0.2500810696200953,-0.8187104539202201,3935488.3081155433,255728060.522696,528454607.97799176,-432624071.52682257,-0.0782861969382058,0.0956273685074003,-0.0090967853319542,-128803988.99587348,-95737964.23658872,1276690944.0,-0.0
NAAS,Naas Technology Inc.,12766712.517193949,4.221897153145044,21.343010582220284,0.0664447173917728,-26.588671967591097,-60.73830456612149,-4.016506189821183,71435350.7565337,70612242.09078404,152123108.66574967,60367812.92984869,-5.097374619665713,-12.845064870555102,1.183335080228038,-82232187.07015131,-79875653.37001376,1250024960.0,-0.0
300113.SZ,HANGZHOU SHUNWANG,154568042.90784046,-0.0160027113507267,-7.634616139336803,0.4938574089176581,0.0490344885746805,-0.361181782630123,-0.0825309491059147,5552041.338376892,170497385.46905088,315880773.2310867,260409855.32462177,-0.1767349139488844,-0.2143819065738128,0.0213203963861345,-1377470.144429161,11030861.502063274,1260603580.7427783,0.0080474948118213
002354.SZ,TIANYU DIGITAL TEC,239705546.07015133,-0.0121412538270191,-7.621333412025513,0.1674772512115124,-0.0157067304016137,-0.1623198163203593,-0.0234662998624484,3329295.4195323247,45835168.55433288,380183675.1182944,323685858.52132046,-0.1023425327165135,-0.1202059317228885,0.0102855757577467,-19105500.913342506,-17383621.055020634,1192579274.8280606,6.869890124830411e-07
SFWL,Shengfeng Development Limited,370325000.0,0.0681455671922908,0.128877935633517,0.112150138391953,0.0280240329440356,0.0210274758657935,,76842000.0,21285000.0,245259000.0,91223000.0,0.0317501090683726,0.0853622441708779,0.84235335386909,-318000.0,6930000.0,1182440064.0,0.0
